Publisher,Type
Benzinga,Guaranteed Placement
Barchart,Guaranteed Placement
Google News,Guaranteed Placement
FOX 40 News WICZ-TV,Guaranteed Placement
The Globe and Mail,Wide Distribution (Non-Guaranteed)
NCN,Wide Distribution (Non-Guaranteed)
NewsNet,Wide Distribution (Non-Guaranteed)
Bridge Media Networks,Wide Distribution (Non-Guaranteed)
Southern Sports Today,Wide Distribution (Non-Guaranteed)
Xtra 106.3,Wide Distribution (Non-Guaranteed)
Rewind 1019,Wide Distribution (Non-Guaranteed)
US 98.3,Wide Distribution (Non-Guaranteed)
Country Legends 105.9,Wide Distribution (Non-Guaranteed)
967 WSHV,Wide Distribution (Non-Guaranteed)
1045 The Dan,Wide Distribution (Non-Guaranteed)
BEACON Senior News,Wide Distribution (Non-Guaranteed)
Bryan County Magazine,Wide Distribution (Non-Guaranteed)
Chattahoochee Valley Living ,Wide Distribution (Non-Guaranteed)
Elk Grove Citizen,Wide Distribution (Non-Guaranteed)
Fredericksburg Parent & Family,Wide Distribution (Non-Guaranteed)
Life Magazine,Wide Distribution (Non-Guaranteed)
Hendersonville Magazine,Wide Distribution (Non-Guaranteed)
Porch & Parish,Wide Distribution (Non-Guaranteed)
Style Magazine,Wide Distribution (Non-Guaranteed)
KMLK-FM,Wide Distribution (Non-Guaranteed)
95.3 WHLF-FM,Wide Distribution (Non-Guaranteed)
NewsTalk 97.1fm,Wide Distribution (Non-Guaranteed)
KZLK-FM: Z106.3,Wide Distribution (Non-Guaranteed)
East Hanover Florham Park Life,Wide Distribution (Non-Guaranteed)
Effingham Magazine,Wide Distribution (Non-Guaranteed)
Middletown Life Magazine,Wide Distribution (Non-Guaranteed)
Newark Life,Wide Distribution (Non-Guaranteed)
Oregon Family Magazine,Wide Distribution (Non-Guaranteed)
The Palmetto Network,Wide Distribution (Non-Guaranteed)
Pooler Magazine,Wide Distribution (Non-Guaranteed)
San Clemente Journal,Wide Distribution (Non-Guaranteed)
The 'hood magazine,Wide Distribution (Non-Guaranteed)
Today's Family Magazine,Wide Distribution (Non-Guaranteed)
NewsNet,Wide Distribution (Non-Guaranteed)
METRO - NEWS CHANNEL NEBRASKA,Wide Distribution (Non-Guaranteed)
SANDHILLS - NEWS CHANNEL NEBRASKA,Wide Distribution (Non-Guaranteed)
NORTHEAST - NEWS CHANNEL NEBRASKA,Wide Distribution (Non-Guaranteed)
PANHANDLE - NEWS CHANNEL NEBRASKA,Wide Distribution (Non-Guaranteed)
PLATTE VALLEY - NEWS CHANNEL NEBRASKA,Wide Distribution (Non-Guaranteed)
RIVER COUNTRY - NEWS CHANNEL NEBRASKA,Wide Distribution (Non-Guaranteed)
SOUTHEAST - NEWS CHANNEL NEBRASKA,Wide Distribution (Non-Guaranteed)
NEWSnet Northern Michigan,Wide Distribution (Non-Guaranteed)
Capital City Rock 104.5,Wide Distribution (Non-Guaranteed)
Today's Hits Current 94.3,Wide Distribution (Non-Guaranteed)
Hot Country 93.1,Wide Distribution (Non-Guaranteed)
KBEW 98.1 FM Today's Country,Wide Distribution (Non-Guaranteed)
KCCR Radio AM 1240,Wide Distribution (Non-Guaranteed)
KOTA Radio,Wide Distribution (Non-Guaranteed)
KYNT,Wide Distribution (Non-Guaranteed)
Eagle Country-KZZI-FM,Wide Distribution (Non-Guaranteed)
Country 95.3 ,Wide Distribution (Non-Guaranteed)
Classic Hits – Q92.3,Wide Distribution (Non-Guaranteed)
The Dam - Mississauga,Wide Distribution (Non-Guaranteed)
CENTRAL - NEWS CHANNEL NEBRASKA,Wide Distribution (Non-Guaranteed)
 Atlanta - WZVC-LD,Wide Distribution (Non-Guaranteed)
NEWSnet Columbia- K06PT,Wide Distribution (Non-Guaranteed)
Columbus - WRDP,Wide Distribution (Non-Guaranteed)
Detroit - WHNE,Wide Distribution (Non-Guaranteed)
NEWSnet Fresno - KVBC,Wide Distribution (Non-Guaranteed)
Las Vegas - KDNU and KMSQ,Wide Distribution (Non-Guaranteed)
Los Angeles News,Wide Distribution (Non-Guaranteed)
"Miami - WDGT, WHMR, and WKIZ",Wide Distribution (Non-Guaranteed)
NEWSnet Northern Michigan,Wide Distribution (Non-Guaranteed)
NEWSnet Minneapolis - W26PF,Wide Distribution (Non-Guaranteed)
NEWSnet Myrtle Beach- W15DC,Wide Distribution (Non-Guaranteed)
Nashville - WIIW,Wide Distribution (Non-Guaranteed)
NEWSnet Norfolk - WJGN,Wide Distribution (Non-Guaranteed)
NEWSnet Odessa- KEOO,Wide Distribution (Non-Guaranteed)
Orlando - WOFT &amp - NEWSnet,Wide Distribution (Non-Guaranteed)
Pittsburgh - WBYD-CD,Wide Distribution (Non-Guaranteed)
NEWSnet Portland- K21LB,Wide Distribution (Non-Guaranteed)
NEWSnet Quincy - W17EH,Wide Distribution (Non-Guaranteed)
Salt Lake City - KSVN-CD,Wide Distribution (Non-Guaranteed)
NEWSnet San Antonio - KVHC,Wide Distribution (Non-Guaranteed)
K06QJ,Wide Distribution (Non-Guaranteed)
24/7 Sports News and Highlights Channel,Wide Distribution (Non-Guaranteed)
Tampa - WGCT,Wide Distribution (Non-Guaranteed)
NEWSnet Waco- K03IJ,Wide Distribution (Non-Guaranteed)
West Palm Beach - WEWF,Wide Distribution (Non-Guaranteed)
openPR.com,Wide Distribution (Non-Guaranteed)
Business Insurance,Wide Distribution (Non-Guaranteed)
The Chronicle-Journal,Wide Distribution (Non-Guaranteed)
Minyanville,Wide Distribution (Non-Guaranteed)
myMotherLode.com: Mother Lode's News,Wide Distribution (Non-Guaranteed)
Starkville Daily News,Wide Distribution (Non-Guaranteed)
The Big Spring Herald,Wide Distribution (Non-Guaranteed)
The Pilot News,Wide Distribution (Non-Guaranteed)
Newport Daily Express,Wide Distribution (Non-Guaranteed)
The Morning News,Wide Distribution (Non-Guaranteed)
The Punxsutawney Spirit,Wide Distribution (Non-Guaranteed)
Wapakoneta Daily News,Wide Distribution (Non-Guaranteed)
The Saline Courier,Wide Distribution (Non-Guaranteed)
The Daily Press: smdailypress.com,Wide Distribution (Non-Guaranteed)
Mammoth Times-Newspaper,Wide Distribution (Non-Guaranteed)
Decatur Daily Democrat,Wide Distribution (Non-Guaranteed)
The Inyo Register,Wide Distribution (Non-Guaranteed)
The Evening Leader,Wide Distribution (Non-Guaranteed)
The Kane Republican,Wide Distribution (Non-Guaranteed)
RICentral.com,Wide Distribution (Non-Guaranteed)
The Observer News Enterprise,Wide Distribution (Non-Guaranteed)
Malvern Daily Record,Wide Distribution (Non-Guaranteed)
Sweetwater Reporter,Wide Distribution (Non-Guaranteed)
Statesman-Examiner,Wide Distribution (Non-Guaranteed)
Valley City Times-Record,Wide Distribution (Non-Guaranteed)
Daily Times Leader,Wide Distribution (Non-Guaranteed)
Ridgway Record,Wide Distribution (Non-Guaranteed)
Poteau Daily News,Wide Distribution (Non-Guaranteed)
The Antlers American,Wide Distribution (Non-Guaranteed)
Community Post,Wide Distribution (Non-Guaranteed)
Deer Park Tribune,Wide Distribution (Non-Guaranteed)
The Record,Wide Distribution (Non-Guaranteed)
Custer County Chief,Wide Distribution (Non-Guaranteed)
Borger News-Herald,Wide Distribution (Non-Guaranteed)
Observer–Reporter,Wide Distribution (Non-Guaranteed)
Guymon Daily Herald,Wide Distribution (Non-Guaranteed)
The Pawtucket Times,Wide Distribution (Non-Guaranteed)
The Global Tribune,Wide Distribution (Non-Guaranteed)
The First Dispatch,Wide Distribution (Non-Guaranteed)
North America Report,Wide Distribution (Non-Guaranteed)
The New Universe,Wide Distribution (Non-Guaranteed)
Pristine Reports,Wide Distribution (Non-Guaranteed)
The Atlantic Reports,Wide Distribution (Non-Guaranteed)
Conversation Point,Wide Distribution (Non-Guaranteed)
Livewire Reporter,Wide Distribution (Non-Guaranteed)
Dawn Reporter,Wide Distribution (Non-Guaranteed)
US and Canada report,Wide Distribution (Non-Guaranteed)
The News Fire,Wide Distribution (Non-Guaranteed)
The News Bee,Wide Distribution (Non-Guaranteed)
The Crimson Report,Wide Distribution (Non-Guaranteed)
The Northern Express,Wide Distribution (Non-Guaranteed)
The Sun Rise Peak,Wide Distribution (Non-Guaranteed)
Down South News,Wide Distribution (Non-Guaranteed)
All State Journal,Wide Distribution (Non-Guaranteed)
Trinity Digest,Wide Distribution (Non-Guaranteed)
Glamand Fashion News,Wide Distribution (Non-Guaranteed)
Universal News Point,Wide Distribution (Non-Guaranteed)
Harbinger Times,Wide Distribution (Non-Guaranteed)
The Morning Lead,Wide Distribution (Non-Guaranteed)
Tech News Point,Wide Distribution (Non-Guaranteed)
Early Morning Herald,Wide Distribution (Non-Guaranteed)
Coastal News Now,Wide Distribution (Non-Guaranteed)
Unspoiled News,Wide Distribution (Non-Guaranteed)
THe News Bird,Wide Distribution (Non-Guaranteed)
Day Time Report,Wide Distribution (Non-Guaranteed)
Rainbow Newsline,Wide Distribution (Non-Guaranteed)
The Aalpha Reporter        ,Wide Distribution (Non-Guaranteed)
The Sunshine Reporter,Wide Distribution (Non-Guaranteed)
Newshawk Online,Wide Distribution (Non-Guaranteed)
Global Technology Report,Wide Distribution (Non-Guaranteed)
Innocent Information,Wide Distribution (Non-Guaranteed)
News Crusader,Wide Distribution (Non-Guaranteed)
The Day Time Report,Wide Distribution (Non-Guaranteed)
Hope Tribune,Wide Distribution (Non-Guaranteed)
The Western Tribune,Wide Distribution (Non-Guaranteed)
East Coastsentinel,Wide Distribution (Non-Guaranteed)
News Headlines Now,Wide Distribution (Non-Guaranteed)
Eandt News,Wide Distribution (Non-Guaranteed)
7 Rivers Livestock Commission,Wide Distribution (Non-Guaranteed)
Wedbush,Wide Distribution (Non-Guaranteed)
AGSW,Wide Distribution (Non-Guaranteed)
AgBest,Wide Distribution (Non-Guaranteed)
AgRail,Wide Distribution (Non-Guaranteed)
AGrowStar,Wide Distribution (Non-Guaranteed)
Arabi Gin Co,Wide Distribution (Non-Guaranteed)
Augusta Farmers Co-Op,Wide Distribution (Non-Guaranteed)
Banner Co-Op,Wide Distribution (Non-Guaranteed)
Bar-G Feedyard,Wide Distribution (Non-Guaranteed)
Beardsley Farmers Elevator Company,Wide Distribution (Non-Guaranteed)
"Bieri Grain, LLC",Wide Distribution (Non-Guaranteed)
Bloomington Livestock Exchange,Wide Distribution (Non-Guaranteed)
Bolt Marketing LLC,Wide Distribution (Non-Guaranteed)
Boston Gin Co,Wide Distribution (Non-Guaranteed)
BRT AG & TURF,Wide Distribution (Non-Guaranteed)
Brugler Marketing & Managment LLC,Wide Distribution (Non-Guaranteed)
Butterfield & Associates Grain Inc,Wide Distribution (Non-Guaranteed)
Cain Agra,Wide Distribution (Non-Guaranteed)
Cameron Grain,Wide Distribution (Non-Guaranteed)
CDR Farms LLC,Wide Distribution (Non-Guaranteed)
Cedar County Coop,Wide Distribution (Non-Guaranteed)
Central Plains Trading,Wide Distribution (Non-Guaranteed)
Cherokee Gin & Cotton Co,Wide Distribution (Non-Guaranteed)
Choice Cotton,Wide Distribution (Non-Guaranteed)
Clare-Mar Farms Limited,Wide Distribution (Non-Guaranteed)
Co-Op Services Inc,Wide Distribution (Non-Guaranteed)
Cooperative Grain and Supply,Wide Distribution (Non-Guaranteed)
Country Futures Inc,Wide Distribution (Non-Guaranteed)
Craig Supply & Grain Co,Wide Distribution (Non-Guaranteed)
Dacoma Farmers Coop,Wide Distribution (Non-Guaranteed)
Dixon Gin Co,Wide Distribution (Non-Guaranteed)
Doerun Gin Co Inc,Wide Distribution (Non-Guaranteed)
Doon Elevator Co,Wide Distribution (Non-Guaranteed)
Driscoll Grain Co-Op Inc.,Wide Distribution (Non-Guaranteed)
Dumas Co-Op Elevators,Wide Distribution (Non-Guaranteed)
Edon Farmers Co-Op,Wide Distribution (Non-Guaranteed)
Elkhart Co-Op,Wide Distribution (Non-Guaranteed)
The Farmers Cooperative Association,Wide Distribution (Non-Guaranteed)
Farmers Coop Association of Snyder,Wide Distribution (Non-Guaranteed)
Farmers Coop Elevator - Morganville,Wide Distribution (Non-Guaranteed)
Farmers Coop Elevator Rosholt,Wide Distribution (Non-Guaranteed)
Farmers Coop Mill and Elevator,Wide Distribution (Non-Guaranteed)
Farmers Cooperative of Carmen,Wide Distribution (Non-Guaranteed)
Farmers Cooperative Association,Wide Distribution (Non-Guaranteed)
Eldorado Farmers Cooperative Association,Wide Distribution (Non-Guaranteed)
Farmers Cooperative Elevator Co,Wide Distribution (Non-Guaranteed)
"Farmers Elevator & Exchange, Inc",Wide Distribution (Non-Guaranteed)
Farmers Exchange Co-Op,Wide Distribution (Non-Guaranteed)
Farmers Grain Company - Roseville,Wide Distribution (Non-Guaranteed)
Farmers Grain Elevator,Wide Distribution (Non-Guaranteed)
Forest Agri Services LTD,Wide Distribution (Non-Guaranteed)
French Camp Grain Company,Wide Distribution (Non-Guaranteed)
Friona Wheat Growers,Wide Distribution (Non-Guaranteed)
Glendenning Grain,Wide Distribution (Non-Guaranteed)
Glenwood Elevator Inc,Wide Distribution (Non-Guaranteed)
Gowanlea LTD,Wide Distribution (Non-Guaranteed)
Grainland Cooperative,Wide Distribution (Non-Guaranteed)
Green City Livestock Market,Wide Distribution (Non-Guaranteed)
Coastal Ag Cooperative ,Wide Distribution (Non-Guaranteed)
Hull Feed & Produce,Wide Distribution (Non-Guaranteed)
Ida Farmer's Co-Operative,Wide Distribution (Non-Guaranteed)
Intermountain Beef,Wide Distribution (Non-Guaranteed)
Investors Commodity Service,Wide Distribution (Non-Guaranteed)
James Valley Grain Llc,Wide Distribution (Non-Guaranteed)
J-Lyn Grains,Wide Distribution (Non-Guaranteed)
Keller Grain,Wide Distribution (Non-Guaranteed)
Land Run Farmers Cooperative,Wide Distribution (Non-Guaranteed)
"Lang Farms, Ltd",Wide Distribution (Non-Guaranteed)
Le Roy Co-Op,Wide Distribution (Non-Guaranteed)
Young Farms,Wide Distribution (Non-Guaranteed)
Lick Elevator Inc,Wide Distribution (Non-Guaranteed)
Litchfield Farmers Grain,Wide Distribution (Non-Guaranteed)
Little Sioux Corn Processors,Wide Distribution (Non-Guaranteed)
Lubbock Feeders,Wide Distribution (Non-Guaranteed)
McCune Farmers Union Coop Association ,Wide Distribution (Non-Guaranteed)
Meade Coop,Wide Distribution (Non-Guaranteed)
"Melrose Farm Service, Inc",Wide Distribution (Non-Guaranteed)
Mid-Colombia Insurance Inc,Wide Distribution (Non-Guaranteed)
Mid-Valley Cotton Growers Inc,Wide Distribution (Non-Guaranteed)
Mobley Gin Company,Wide Distribution (Non-Guaranteed)
Montrose Grain and Supply,Wide Distribution (Non-Guaranteed)
Mulvane Cooperative Union,Wide Distribution (Non-Guaranteed)
NW Investment LLC,Wide Distribution (Non-Guaranteed)
Offerle Coop,Wide Distribution (Non-Guaranteed)
Omega Farm Supply Inc,Wide Distribution (Non-Guaranteed)
Parrish Shop & Sales LLC,Wide Distribution (Non-Guaranteed)
Producers Co-Op Elevator,Wide Distribution (Non-Guaranteed)
Petersen Custom Farming,Wide Distribution (Non-Guaranteed)
Pilot Grove Co-Op,Wide Distribution (Non-Guaranteed)
Prairie Central Coop,Wide Distribution (Non-Guaranteed)
Premium Feed & Grain,Wide Distribution (Non-Guaranteed)
Pro Ag Farmers Co-op,Wide Distribution (Non-Guaranteed)
Pro-Ag Marketing,Wide Distribution (Non-Guaranteed)
Professional AG Marketing Inc,Wide Distribution (Non-Guaranteed)
Progressive Marketing,Wide Distribution (Non-Guaranteed)
Punkin Center Gin,Wide Distribution (Non-Guaranteed)
Rangeland Cooperatives Inc,Wide Distribution (Non-Guaranteed)
RCM Co-op,Wide Distribution (Non-Guaranteed)
Rickett Grain Co,Wide Distribution (Non-Guaranteed)
Ringneck Energy,Wide Distribution (Non-Guaranteed)
Roanoke Farmers Association,Wide Distribution (Non-Guaranteed)
Rolling Acres Grain Inc,Wide Distribution (Non-Guaranteed)
S & B Cattle Company,Wide Distribution (Non-Guaranteed)
Salem Grain Co,Wide Distribution (Non-Guaranteed)
Sargeant Grain Company,Wide Distribution (Non-Guaranteed)
Schlabs & Hysinger Commodity Services,Wide Distribution (Non-Guaranteed)
SilverEdge Cooperative,Wide Distribution (Non-Guaranteed)
Siouxland Energy Cooperative,Wide Distribution (Non-Guaranteed)
Sooner Cooperative Inc,Wide Distribution (Non-Guaranteed)
Sowega Cotton,Wide Distribution (Non-Guaranteed)
The Stafford County Flour Mills Co,Wide Distribution (Non-Guaranteed)
Stickney Coop Elevator,Wide Distribution (Non-Guaranteed)
Stone Station Elevator,Wide Distribution (Non-Guaranteed)
Stoneybrook Elevators,Wide Distribution (Non-Guaranteed)
Texas Producers Cooperative,Wide Distribution (Non-Guaranteed)
The Cotton Gin,Wide Distribution (Non-Guaranteed)
The Farmers Elevator Company,Wide Distribution (Non-Guaranteed)
"The Insurance Shop, Inc",Wide Distribution (Non-Guaranteed)
Top Tier Commodities,Wide Distribution (Non-Guaranteed)
Tremont Co-operative Grain Co,Wide Distribution (Non-Guaranteed)
Tri-Cities Grain LLC,Wide Distribution (Non-Guaranteed)
Triple M Farms,Wide Distribution (Non-Guaranteed)
Turner Seed Inc,Wide Distribution (Non-Guaranteed)
Underwood Grain Limited,Wide Distribution (Non-Guaranteed)
USA-LSA,Wide Distribution (Non-Guaranteed)
Uvalde County Farmers Co-op,Wide Distribution (Non-Guaranteed)
Walters Co-Op Elevator Association,Wide Distribution (Non-Guaranteed)
Waukon Feed Ranch,Wide Distribution (Non-Guaranteed)
Western Cooperative Company,Wide Distribution (Non-Guaranteed)
Wheatfield Grain,Wide Distribution (Non-Guaranteed)
Best Business Newspaper,Wide Distribution (Non-Guaranteed)
Best Stock Market News,Wide Distribution (Non-Guaranteed)
News About Banking Industry,Wide Distribution (Non-Guaranteed)
Finance News World,Wide Distribution (Non-Guaranteed)
Share Markets News,Wide Distribution (Non-Guaranteed)
Live News Stock Market,Wide Distribution (Non-Guaranteed)
Share Market News Live,Wide Distribution (Non-Guaranteed)
Market News Latest,Wide Distribution (Non-Guaranteed)
World Share Market Live,Wide Distribution (Non-Guaranteed)
Online Share Market News,Wide Distribution (Non-Guaranteed)
Latest US Financial News,Wide Distribution (Non-Guaranteed)
Alaska News Desk,Wide Distribution (Non-Guaranteed)
"Harrisburg, Pa. News",Wide Distribution (Non-Guaranteed)
Atlantanews Online,Wide Distribution (Non-Guaranteed)
Annapolis News Updates,Wide Distribution (Non-Guaranteed)
Albany News Now,Wide Distribution (Non-Guaranteed)
The Columbus Dispatch,Wide Distribution (Non-Guaranteed)
Austin Online,Wide Distribution (Non-Guaranteed)
Arizona News Online,Wide Distribution (Non-Guaranteed)
Desmoines News Desk,Wide Distribution (Non-Guaranteed)
Atlanta Chronicle,Wide Distribution (Non-Guaranteed)
Batonrouge News Reporter,Wide Distribution (Non-Guaranteed)
Concord News Now,Wide Distribution (Non-Guaranteed)
Richmond News Now,Wide Distribution (Non-Guaranteed)
Hawaii News Now,Wide Distribution (Non-Guaranteed)
Cheyenne Journal,Wide Distribution (Non-Guaranteed)
Connecticut Chronicle,Wide Distribution (Non-Guaranteed)
Minnesota Headlines,Wide Distribution (Non-Guaranteed)
Carson City Headlines,Wide Distribution (Non-Guaranteed)
Jefferson City Headlines,Wide Distribution (Non-Guaranteed)
Helena News Headlines,Wide Distribution (Non-Guaranteed)
Montana News Online,Wide Distribution (Non-Guaranteed)
Montpelier Magazine,Wide Distribution (Non-Guaranteed)
Maryland News Desk,Wide Distribution (Non-Guaranteed)
Juneau Empire,Wide Distribution (Non-Guaranteed)
Delaware News Reporter,Wide Distribution (Non-Guaranteed)
Massachusetts Chronicle,Wide Distribution (Non-Guaranteed)
Boisenews Now,Wide Distribution (Non-Guaranteed)
Denver News Updates,Wide Distribution (Non-Guaranteed)
Augusta Headlines,Wide Distribution (Non-Guaranteed)
California News Reporter,Wide Distribution (Non-Guaranteed)
Nashville News,Wide Distribution (Non-Guaranteed)
Bismarck News Updates,Wide Distribution (Non-Guaranteed)
Boston News,Wide Distribution (Non-Guaranteed)
Dover News Now,Wide Distribution (Non-Guaranteed)
Wyoming News Headlines,Wide Distribution (Non-Guaranteed)
Hawaii News Updates,Wide Distribution (Non-Guaranteed)
Georgia News Desk,Wide Distribution (Non-Guaranteed)
Maine News Reporter,Wide Distribution (Non-Guaranteed)
louisiana News Updates,Wide Distribution (Non-Guaranteed)
Hartford News Reporter,Wide Distribution (Non-Guaranteed)
Salem News Headlines,Wide Distribution (Non-Guaranteed)
Indiana Headlines,Wide Distribution (Non-Guaranteed)
Nebraska News Desk,Wide Distribution (Non-Guaranteed)
Saintpaul Chronicle,Wide Distribution (Non-Guaranteed)
Columbia News Updates,Wide Distribution (Non-Guaranteed)
Lansing News,Wide Distribution (Non-Guaranteed)
Utah Headlines,Wide Distribution (Non-Guaranteed)
Latest Missouri News & Headlines,Wide Distribution (Non-Guaranteed)
Lincoln News Reporter,Wide Distribution (Non-Guaranteed)
Frankfort Online,Wide Distribution (Non-Guaranteed)
Colorado News Desk,Wide Distribution (Non-Guaranteed)
Oklahoma News Online,Wide Distribution (Non-Guaranteed)
Kansasnews Headlines,Wide Distribution (Non-Guaranteed)
Littlerock Chronicle,Wide Distribution (Non-Guaranteed)
Trenton Chronicle,Wide Distribution (Non-Guaranteed)
Topeka Magazine,Wide Distribution (Non-Guaranteed)
Charleston News Online,Wide Distribution (Non-Guaranteed)
Madison Headlines,Wide Distribution (Non-Guaranteed)
Florida News Reporter,Wide Distribution (Non-Guaranteed)
Kentucky News,Wide Distribution (Non-Guaranteed)
Iowanews Headlines,Wide Distribution (Non-Guaranteed)
Providence Headlines,Wide Distribution (Non-Guaranteed)
Pierre News Headlines,Wide Distribution (Non-Guaranteed)
Michigan News Updates,Wide Distribution (Non-Guaranteed)
Sacramento News & Weather,Wide Distribution (Non-Guaranteed)
Idaho News Updates,Wide Distribution (Non-Guaranteed)
Ohio News Desk,Wide Distribution (Non-Guaranteed)
virginia news desk,Wide Distribution (Non-Guaranteed)
West Virginia Chronicle,Wide Distribution (Non-Guaranteed)
Raleigh News Now,Wide Distribution (Non-Guaranteed)
Mississippi Chronicle,Wide Distribution (Non-Guaranteed)
Vermont News Headlines,Wide Distribution (Non-Guaranteed)
Illinois News Desk,Wide Distribution (Non-Guaranteed)
Nevada News Reporter,Wide Distribution (Non-Guaranteed)
Texas News,Wide Distribution (Non-Guaranteed)
New York Chronicle,Wide Distribution (Non-Guaranteed)
Santafe News Online,Wide Distribution (Non-Guaranteed)
Springfield Chronicle,Wide Distribution (Non-Guaranteed)
Pannysylvania Magazine,Wide Distribution (Non-Guaranteed)
Southdakota Chronicle,Wide Distribution (Non-Guaranteed)
North Carolina Headlines,Wide Distribution (Non-Guaranteed)
Jackson News Reporter,Wide Distribution (Non-Guaranteed)
Montgomery News Headlines,Wide Distribution (Non-Guaranteed)
Olympia Journal,Wide Distribution (Non-Guaranteed)
Oregon News Headlines,Wide Distribution (Non-Guaranteed)
Washington Magazine,Wide Distribution (Non-Guaranteed)
North Dakota Magazine,Wide Distribution (Non-Guaranteed)
Southcarolina Magazine,Wide Distribution (Non-Guaranteed)
Southcarolina Magazine,Wide Distribution (Non-Guaranteed)
New Mexico News Reporter,Wide Distribution (Non-Guaranteed)
Westvirginia Chronicle,Wide Distribution (Non-Guaranteed)
Phoenix News Desk,Wide Distribution (Non-Guaranteed)
Rhode Island Chronicle,Wide Distribution (Non-Guaranteed)
New Jersey Headlines,Wide Distribution (Non-Guaranteed)
Tennessee Headlines,Wide Distribution (Non-Guaranteed)
Wisconsin Chronicle,Wide Distribution (Non-Guaranteed)
Oklahomacity Headlines,Wide Distribution (Non-Guaranteed)
Burlingame.com,Wide Distribution (Non-Guaranteed)
CorteMadera.com,Wide Distribution (Non-Guaranteed)
Livermore.com,Wide Distribution (Non-Guaranteed)
Menlopark.com,Wide Distribution (Non-Guaranteed)
Millvalley.com,Wide Distribution (Non-Guaranteed)
Pleasanton.com,Wide Distribution (Non-Guaranteed)
Sananselmo.com,Wide Distribution (Non-Guaranteed)
Sanrafael.com,Wide Distribution (Non-Guaranteed)
Santaclara.com,Wide Distribution (Non-Guaranteed)
Sausalito.com,Wide Distribution (Non-Guaranteed)
Sunnyvale.com,Wide Distribution (Non-Guaranteed)
Walnutcreekguide.com,Wide Distribution (Non-Guaranteed)
Losaltos.com,Wide Distribution (Non-Guaranteed)
Fort Waynes Focus on the Fort,Wide Distribution (Non-Guaranteed)
Antelope Valley Press,Wide Distribution (Non-Guaranteed)
Bakersfield.com,Wide Distribution (Non-Guaranteed)
Imperial Valley Press,Wide Distribution (Non-Guaranteed)
KBJR 6,Wide Distribution (Non-Guaranteed)
KTIV,Wide Distribution (Non-Guaranteed)
KTTC News,Wide Distribution (Non-Guaranteed)
KVOA News 4 Tucson,Wide Distribution (Non-Guaranteed)
KWWL News 7,Wide Distribution (Non-Guaranteed)
Lodi News,Wide Distribution (Non-Guaranteed)
Millennium Trust Company,Wide Distribution (Non-Guaranteed)
Santa Maria Times,Wide Distribution (Non-Guaranteed)
Shelby Daily Globe,Wide Distribution (Non-Guaranteed)
Porterville Recorder,Wide Distribution (Non-Guaranteed)
The Sun Chronicle,Wide Distribution (Non-Guaranteed)
The Union Democrat,Wide Distribution (Non-Guaranteed)
WAOW 9 News,Wide Distribution (Non-Guaranteed)
WBNG 12 News,Wide Distribution (Non-Guaranteed)
WGEM News,Wide Distribution (Non-Guaranteed)
WKOW 27 News,Wide Distribution (Non-Guaranteed)
21Alive WPTA,Wide Distribution (Non-Guaranteed)
WQOW News 18,Wide Distribution (Non-Guaranteed)
13 WREX ,Wide Distribution (Non-Guaranteed)
WSIL News 3,Wide Distribution (Non-Guaranteed)
WVVA,Wide Distribution (Non-Guaranteed)
WXOW News 19,Wide Distribution (Non-Guaranteed)
Winchester Ag Service,Wide Distribution (Non-Guaranteed)
Winchester AG Service Inc,Wide Distribution (Non-Guaranteed)
Star Tribune Business,Wide Distribution (Non-Guaranteed)
WRAL.COM,Wide Distribution (Non-Guaranteed)
Investor Place,Wide Distribution (Non-Guaranteed)
StreetInsider.com,Wide Distribution (Non-Guaranteed)
Rockford Register Star,Wide Distribution (Non-Guaranteed)
The San Diego Union-Tribune,Wide Distribution (Non-Guaranteed)
Wall Street Select,Wide Distribution (Non-Guaranteed)
The Buffalo News,Wide Distribution (Non-Guaranteed)
The Oklahoman,Wide Distribution (Non-Guaranteed)
Pittsburgh Post-Gazette,Wide Distribution (Non-Guaranteed)
Townhall,Wide Distribution (Non-Guaranteed)
B. Riley Financial,Wide Distribution (Non-Guaranteed)
The Daily Courier,Wide Distribution (Non-Guaranteed)
Penticton Herald,Wide Distribution (Non-Guaranteed)
KUTV 2,Wide Distribution (Non-Guaranteed)
Concord Monitor,Wide Distribution (Non-Guaranteed)
"American Financial Group, Inc",Wide Distribution (Non-Guaranteed)
Alerus Retirement Solutions,Wide Distribution (Non-Guaranteed)
AM 740 KVOR,Wide Distribution (Non-Guaranteed)
IntelligentValue ,Wide Distribution (Non-Guaranteed)
Franklin Credit Management Corp,Wide Distribution (Non-Guaranteed)
"Tamar Securities, LLC",Wide Distribution (Non-Guaranteed)
Worldnow,Wide Distribution (Non-Guaranteed)
Dow Theory Letters,Wide Distribution (Non-Guaranteed)
Dailp Penny Alerts,Wide Distribution (Non-Guaranteed)
Franklin Credit,Wide Distribution (Non-Guaranteed)
Bostom Herald,Wide Distribution (Non-Guaranteed)
Spoke,Wide Distribution (Non-Guaranteed)
1st Discount Brokerage,Wide Distribution (Non-Guaranteed)
Value Investing News,Wide Distribution (Non-Guaranteed)
Press-Telegram,Wide Distribution (Non-Guaranteed)
Internatinol Business Time,Wide Distribution (Non-Guaranteed)
CUMULUS,Wide Distribution (Non-Guaranteed)
BPAS,Wide Distribution (Non-Guaranteed)
Ascensus,Wide Distribution (Non-Guaranteed)
